{"cameraMode":{"drawMode":0,"name":"Shaded","section":"Shading Mode"},"sceneLighting":true,"audioPlay":false,"sceneViewState":{"showFog":true,"showMaterialUpdate":false,"showSkybox":true,"showFlares":true,"showImageEffects":true,"showParticleSystems":true,"showVisualEffectGraphs":true,"m_FxEnabled":true},"in2DMode":false,"pivot":{"x":-25.96320343017578,"y":10.545196533203125,"z":200.98712158203126},"rotation":{"x":0.03849183768033981,"y":-0.0050163716077804569,"z":0.00020478067744988948,"w":0.9992884993553162},"size":96.88624572753906,"orthographic":false}