{"cameraMode":{"drawMode":0,"name":"Shaded","section":"Shading Mode"},"sceneLighting":true,"audioPlay":false,"sceneViewState":{"showFog":true,"showMaterialUpdate":false,"showSkybox":true,"showFlares":true,"showImageEffects":true,"showParticleSystems":true,"showVisualEffectGraphs":true,"m_FxEnabled":true},"in2DMode":false,"pivot":{"x":40.527034759521487,"y":0.9072694778442383,"z":-41.489715576171878},"rotation":{"x":-0.023474911227822305,"y":-0.9289518594741821,"z":0.05982452258467674,"w":-0.36461693048477175},"size":32.60176086425781,"orthographic":false}